method,target,rmse,mae,corr
RASCAL,log_r,0.26840871832029417,0.17037245631217957,0.9953917569659175
RASCAL,score_CWL2,0.10759817741296909,0.024014094844460487,0.9158469887085616
RASCAL,score_CPWL2,0.13891115498545123,0.029620734974741936,0.8963789314755108
